﻿[
	{
		"category":"规范",
		"name":"HTML4、HTML5、ES5、ES6、CommonJS、CMD、AMD等",
		"time":"1年",
		"level":"了解",
		"image":"images/red.png"
	},
	{
		"category":"框架",
		"name":"Jquery、Zepto、AngularJs、Recat、Avalon等",
		"time":"2年",
		"level":"熟悉",
		"image":"images/z.jpg"
	},
	{
		"category":"框架",
		"name":"Mui、Yo、Ionic等",
		"time":"2年",
		"level":"熟悉",
		"image":"images/iconic.jpg"
	},
	{
		"category":"类库",
		"name":"Swiper、Iscroll等",
		"time":"2年",
		"level":"熟悉",
		"image":"images/swiper.jpg"
	},
	{
		"category":"插件",
		"name":"Jquery menu plugin、Jquery nav plugin、zepto emoji-expression-plugin等",
		"time":"2年",
		"level":"熟悉",
		"image":"images/plugin.jpg"
	},
	{
		"category":"布局",
		"name":"Fixed、Fulid、Flex、Responsive",
		"time":"3年",
		"level":"精通",
		"image":"images/bj.jpg"
	},
	{
		"category":"程序",
		"name":"Javascript原生、Jquery及Zepto插件、AngularJs等",
		"time":"3年",
		"level":"精通",
		"image":"images/jq.jpg"
	}
]
